{
  "type" : "legs",
  "health" : 250,
  "armor" : 2,
  "speed" : 0.7,
  "legCount": 4,
  "legGroupSize": 2,
  "legLength": 11,
  "legSpeed": 0.7,
  "legMoveSpace": 1.0,
  "legBaseOffset": 0, 
  "legPairOffset": 2.5,  
  "legExtension": 0.2,
  "legStraightLength": 2.0,
  "legMaxLength": 1.3,
  "legMinLength": 0.4,
  "baseLegStraightness": 0.2,
  "legStraightness": 0.3,
  "legSplashDamage": 0.0,
  "legSplashRange": 5.0,
  "legBaseUnder": true,
  "lockLegBase": false,
  "legContinuousMove": true, 
  "targetAir" : false, 
  "targetGround" : false,
  "outlineColor" : "#303030FF",  
  "weapons" : [
   {
    "name" : "small-blast",
    "x" : 0,
    "y" : 1.5,
    "reload" : 85,
    "shootSound" : "boom", 
    "bullet" : {
     "type" : "ExplosionBulletType",
     "killShooter" : false, 
     "damage" : 2,
     "splashDamage" : 14,
     "splashDamageRadius" : 50,
     "status" : "blasted", 
     "lifetime" : 0,
     "speed" : 0,
     "height" : 9,
     "width" : 5,
     "frontColor" : "#FFFFFF",
     "backColor" : "#FF6347",
     "shootEffect" : "none",
     "hitEffect" : {
      "type" : "ExplosionEffect",
      "waveColor" : "#FF6347",
      "waveLife" : 10,
      "waveRad" : 50,
      "waveStroke" : 2.5,
      "smokeColor" : "#FF7F50",
      "smokeSize" : 5,
      "smokeRad" : 45,
      "smokes" : 3,
      "sparkColor" : "#FF6347",
      "sparkStroke" : 2,
      "sparkRad" : 25,
      "sparks" : 3
     }
    }
   }
  ]
} 
