{
 "generator": "SerpuloPlanetGenerator",
 "parent": "sun",
 "iconColor": "F0610EFF",
 "orbitRadius": 1000,
 "hasAtmosphere": true,
 "updateLightning": true,
 "allowLaunchLoadout" : false, 
 "launchCandidates" : [], 
 "atmosphereRadIn": 0.5,
 "atmosphereRadOut": 0.6,
 "atmosphereColor": "#CC3300",
 "drawOrbit": false,
 "accessible": true,
 "alwaysUnlocked": true,
 "defaultCore": "core-base",
 "sectorSeed": 0,
 "startSector": 0,
 "sectorSize": 1,
 "clearSectorOnLose": true,
 "allowSectorInvasion": true,
 "allowLaunchToNumbered": false,
 "cloudMesh": {
  "type": "HexSkyMesh",
  "planet": "vulcanum",
  "seed": 2,
  "speed": 3,
  "radius": 0.05,
  "divisions": 5,
  "color": "#D7521581",
  "octaves": 2,
  "persistence": 1,
  "scl": 2,
  "thresh": 0.45
},
 "mesh":  
  {
  "type": "NoiseMesh",
  "planet": "vulcanum",
  "seed": 562697,
  "color1": "#F0610EFF",
  "color2": "#F0450EFF",
  "divisions": 5,
  "radius": 1,
  "octaves": 6,
  "persistence": 1,
  "scl": 1,
  "mag": 1.2
  }, 
 "itemWhiteList": [
   "iron",
   "copper",
   "steel",
   "asbestos", 
   "coal"  
  ]
}