{
  "type" : "ConsumeGenerator",
  "size" : 2,
  "health" : 300,
  "category" : "power",
  "requirements" : [
   {"item": "iron", "amount": 80},
   {"item": "copper", "amount" : 90}
  ],
  "research" : {
   "parent" : "thermal-heater", 
   "requirements" : [
    {"item": "iron", "amount": 200},
    {"item": "copper", "amount" : 300}
   ]
  },
  "powerProduction" : 6,
  "generateEffect" : {
   "type" : "ParticleEffect",
   "sizeFrom" : 3,
   "sizeTo" : 0,
   "colorFrom" : "#FFFFFF",
   "colorTo" : "#FF7F50",
   "particles" : 5,
   "line" : true
  },
  "consumes" : {
   "liquids" : [
    {
     "liquid" : "slag", 
     "amount" : 0.3
    }
   ]
  } 
} 